,company,chi-square statistic,p-value
0,amazon,1162.4152310264117,3.8436137865055963e-253
1,apple,80.69231851998796,3.005285025481114e-18
2,facebook,104.5914586445217,1.9420183456422732e-23
3,google,41.58184311958402,9.345821734883131e-10
4,microsoft,250.64561289991593,3.741077474475098e-55
5,netflix,62.10363707050648,3.2686359809029665e-14
